"id","image_url","user_id","created_at"
1,"http://elijah.biz",1,2019-11-13 16:02:29.0
2,"https://shanon.org",1,2019-11-13 16:02:29.0
3,"http://vicky.biz",1,2019-11-13 16:02:29.0
4,"http://oleta.net",1,2019-11-13 16:02:29.0
5,"https://jennings.biz",1,2019-11-13 16:02:29.0
6,"https://quinn.biz",2,2019-11-13 16:02:29.0
7,"https://selina.name",2,2019-11-13 16:02:29.0
8,"http://malvina.org",2,2019-11-13 16:02:29.0
9,"https://branson.biz",2,2019-11-13 16:02:29.0
10,"https://elenor.name",3,2019-11-13 16:02:29.0
11,"https://marcelino.com",3,2019-11-13 16:02:29.0
12,"http://felicity.name",3,2019-11-13 16:02:29.0
13,"https://fred.com",3,2019-11-13 16:02:29.0
14,"https://gerhard.biz",4,2019-11-13 16:02:29.0
15,"https://sherwood.net",4,2019-11-13 16:02:29.0
16,"https://maudie.org",4,2019-11-13 16:02:29.0
17,"http://annamae.name",6,2019-11-13 16:02:29.0
18,"https://mac.org",6,2019-11-13 16:02:29.0
19,"http://miracle.info",6,2019-11-13 16:02:29.0
20,"http://emmet.com",6,2019-11-13 16:02:29.0
21,"https://lisa.com",6,2019-11-13 16:02:29.0
22,"https://brooklyn.name",8,2019-11-13 16:02:29.0
23,"http://madison.net",8,2019-11-13 16:02:29.0
24,"http://annie.name",8,2019-11-13 16:02:29.0
25,"http://darron.info",8,2019-11-13 16:02:29.0
26,"http://saige.com",9,2019-11-13 16:02:29.0
27,"https://reece.net",9,2019-11-13 16:02:29.0
28,"http://vance.org",9,2019-11-13 16:02:29.0
29,"http://ignacio.net",9,2019-11-13 16:02:29.0
30,"http://kenny.com",10,2019-11-13 16:02:29.0
31,"http://remington.name",10,2019-11-13 16:02:29.0
32,"http://kurtis.info",10,2019-11-13 16:02:29.0
33,"https://alisha.com",11,2019-11-13 16:02:29.0
34,"https://henderson.com",11,2019-11-13 16:02:29.0
35,"http://bonnie.info",11,2019-11-13 16:02:29.0
36,"http://kennith.net",11,2019-11-13 16:02:29.0
37,"http://camille.name",11,2019-11-13 16:02:29.0
38,"http://alena.net",12,2019-11-13 16:02:29.0
39,"http://ralph.name",12,2019-11-13 16:02:29.0
40,"https://tyshawn.com",12,2019-11-13 16:02:29.0
41,"https://adella.net",12,2019-11-13 16:02:29.0
42,"https://cielo.info",13,2019-11-13 16:02:29.0
43,"https://easter.net",13,2019-11-13 16:02:29.0
44,"http://golden.org",13,2019-11-13 16:02:29.0
45,"http://kendall.biz",13,2019-11-13 16:02:29.0
46,"https://glenda.info",13,2019-11-13 16:02:29.0
47,"http://dominic.biz",15,2019-11-13 16:02:29.0
48,"http://tressie.info",15,2019-11-13 16:02:29.0
49,"http://estevan.org",15,2019-11-13 16:02:29.0
50,"http://zena.com",15,2019-11-13 16:02:29.0
51,"https://abagail.com",16,2019-11-13 16:02:29.0
52,"https://hershel.com",16,2019-11-13 16:02:29.0
53,"http://collin.com",16,2019-11-13 16:02:29.0
54,"https://clair.com",16,2019-11-13 16:02:29.0
55,"https://deondre.com",17,2019-11-13 16:02:29.0
56,"http://tristin.name",17,2019-11-13 16:02:29.0
57,"http://kirk.org",17,2019-11-13 16:02:29.0
58,"https://modesta.info",18,2019-11-13 16:02:29.0
59,"http://rylan.biz",19,2019-11-13 16:02:29.0
60,"https://noemie.com",19,2019-11-13 16:02:29.0
61,"https://dejon.name",20,2019-11-13 16:02:29.0
62,"https://rigoberto.net",22,2019-11-13 16:02:29.0
63,"http://megane.biz",23,2019-11-13 16:02:29.0
64,"http://emmalee.org",23,2019-11-13 16:02:29.0
65,"http://nathan.net",23,2019-11-13 16:02:29.0
66,"http://lionel.net",23,2019-11-13 16:02:29.0
67,"http://danyka.net",23,2019-11-13 16:02:29.0
68,"https://woodrow.com",23,2019-11-13 16:02:29.0
69,"http://harvey.info",23,2019-11-13 16:02:29.0
70,"http://aiden.org",23,2019-11-13 16:02:29.0
71,"https://tito.name",23,2019-11-13 16:02:29.0
72,"https://julian.net",23,2019-11-13 16:02:29.0
73,"https://mafalda.org",23,2019-11-13 16:02:29.0
74,"http://verner.org",23,2019-11-13 16:02:29.0
75,"https://elmore.org",26,2019-11-13 16:02:29.0
76,"http://kasandra.com",26,2019-11-13 16:02:29.0
77,"https://jarret.info",26,2019-11-13 16:02:29.0
78,"http://einar.net",26,2019-11-13 16:02:29.0
79,"http://terry.info",26,2019-11-13 16:02:29.0
80,"https://holden.com",27,2019-11-13 16:02:29.0
81,"https://jacinto.org",28,2019-11-13 16:02:29.0
82,"https://geoffrey.info",28,2019-11-13 16:02:29.0
83,"http://paxton.com",28,2019-11-13 16:02:29.0
84,"https://trinity.biz",28,2019-11-13 16:02:29.0
85,"http://fabiola.org",29,2019-11-13 16:02:29.0
86,"https://bryce.org",29,2019-11-13 16:02:29.0
87,"http://emery.net",29,2019-11-13 16:02:29.0
88,"https://marian.biz",29,2019-11-13 16:02:29.0
89,"https://kennedi.org",29,2019-11-13 16:02:29.0
90,"https://fanny.net",29,2019-11-13 16:02:29.0
91,"http://lottie.net",29,2019-11-13 16:02:29.0
92,"http://lacy.biz",29,2019-11-13 16:02:29.0
93,"https://jensen.name",30,2019-11-13 16:02:29.0
94,"http://virginia.org",30,2019-11-13 16:02:29.0
95,"https://ariel.net",31,2019-11-13 16:02:29.0
96,"http://roger.info",32,2019-11-13 16:02:29.0
97,"https://carolanne.com",32,2019-11-13 16:02:29.0
98,"https://margarita.info",32,2019-11-13 16:02:29.0
99,"https://kayden.biz",32,2019-11-13 16:02:29.0
100,"https://brook.com",33,2019-11-13 16:02:29.0
101,"https://gust.net",33,2019-11-13 16:02:29.0
102,"http://bridie.name",33,2019-11-13 16:02:29.0
103,"http://barton.name",33,2019-11-13 16:02:29.0
104,"https://karina.biz",33,2019-11-13 16:02:29.0
105,"https://mariam.com",35,2019-11-13 16:02:29.0
106,"https://trycia.com",35,2019-11-13 16:02:29.0
107,"https://everette.biz",37,2019-11-13 16:02:29.0
108,"http://boris.biz",38,2019-11-13 16:02:29.0
109,"http://arthur.name",38,2019-11-13 16:02:29.0
110,"https://cesar.com",39,2019-11-13 16:02:29.0
111,"http://charlie.com",40,2019-11-13 16:02:29.0
112,"https://lina.biz",42,2019-11-13 16:02:29.0
113,"https://darwin.net",42,2019-11-13 16:02:29.0
114,"https://aliyah.biz",42,2019-11-13 16:02:29.0
115,"http://euna.info",43,2019-11-13 16:02:29.0
116,"https://maymie.net",43,2019-11-13 16:02:29.0
117,"http://joanie.name",43,2019-11-13 16:02:29.0
118,"http://whitney.net",43,2019-11-13 16:02:29.0
119,"http://garrison.name",43,2019-11-13 16:02:29.0
120,"https://olga.org",44,2019-11-13 16:02:29.0
121,"https://donavon.org",44,2019-11-13 16:02:29.0
122,"http://moses.biz",44,2019-11-13 16:02:29.0
123,"http://shannon.org",44,2019-11-13 16:02:29.0
124,"http://kendrick.net",46,2019-11-13 16:02:29.0
125,"https://carey.com",46,2019-11-13 16:02:29.0
126,"http://lia.biz",46,2019-11-13 16:02:29.0
127,"https://celestine.name",46,2019-11-13 16:02:29.0
128,"http://laila.info",47,2019-11-13 16:02:29.0
129,"http://buddy.com",47,2019-11-13 16:02:29.0
130,"http://americo.biz",47,2019-11-13 16:02:29.0
131,"http://lurline.info",47,2019-11-13 16:02:29.0
132,"http://kailee.org",47,2019-11-13 16:02:29.0
133,"https://edyth.com",48,2019-11-13 16:02:29.0
134,"https://isaias.biz",50,2019-11-13 16:02:29.0
135,"http://rosetta.net",50,2019-11-13 16:02:29.0
136,"https://marianna.info",50,2019-11-13 16:02:29.0
137,"https://roel.org",51,2019-11-13 16:02:29.0
138,"http://julia.info",51,2019-11-13 16:02:29.0
139,"https://seamus.org",51,2019-11-13 16:02:29.0
140,"https://earline.info",51,2019-11-13 16:02:29.0
141,"http://quinten.info",51,2019-11-13 16:02:29.0
142,"https://dolores.org",52,2019-11-13 16:02:29.0
143,"https://aimee.info",52,2019-11-13 16:02:29.0
144,"https://roderick.name",52,2019-11-13 16:02:29.0
145,"https://jarret.name",52,2019-11-13 16:02:29.0
146,"https://cathrine.com",52,2019-11-13 16:02:29.0
147,"https://adela.com",55,2019-11-13 16:02:29.0
148,"https://demarco.com",56,2019-11-13 16:02:29.0
149,"https://lila.biz",58,2019-11-13 16:02:29.0
150,"http://ruben.net",58,2019-11-13 16:02:29.0
151,"https://alia.name",58,2019-11-13 16:02:29.0
152,"http://rickey.name",58,2019-11-13 16:02:29.0
153,"http://janie.com",58,2019-11-13 16:02:29.0
154,"http://myron.org",58,2019-11-13 16:02:29.0
155,"http://pearl.info",58,2019-11-13 16:02:29.0
156,"http://victoria.biz",58,2019-11-13 16:02:29.0
157,"https://carmella.com",59,2019-11-13 16:02:29.0
158,"http://leo.com",59,2019-11-13 16:02:29.0
159,"http://jedediah.net",59,2019-11-13 16:02:29.0
160,"http://sedrick.net",59,2019-11-13 16:02:29.0
161,"https://clare.org",59,2019-11-13 16:02:29.0
162,"https://malcolm.name",59,2019-11-13 16:02:29.0
163,"https://lesly.com",59,2019-11-13 16:02:29.0
164,"https://roberta.net",59,2019-11-13 16:02:29.0
165,"https://estell.info",59,2019-11-13 16:02:29.0
166,"http://kaleigh.biz",59,2019-11-13 16:02:29.0
167,"http://blanca.org",60,2019-11-13 16:02:29.0
168,"http://delpha.com",60,2019-11-13 16:02:29.0
169,"http://annabelle.org",61,2019-11-13 16:02:29.0
170,"http://ephraim.com",62,2019-11-13 16:02:29.0
171,"https://dameon.name",62,2019-11-13 16:02:29.0
172,"https://julianne.org",63,2019-11-13 16:02:29.0
173,"https://jasmin.biz",63,2019-11-13 16:02:29.0
174,"https://delbert.net",63,2019-11-13 16:02:29.0
175,"https://norval.com",63,2019-11-13 16:02:29.0
176,"https://jessy.name",64,2019-11-13 16:02:29.0
177,"https://nolan.name",64,2019-11-13 16:02:29.0
178,"http://devon.info",64,2019-11-13 16:02:29.0
179,"http://ora.net",64,2019-11-13 16:02:29.0
180,"https://vivien.com",64,2019-11-13 16:02:29.0
181,"https://hilda.info",65,2019-11-13 16:02:29.0
182,"https://dorcas.biz",65,2019-11-13 16:02:29.0
183,"http://hettie.net",65,2019-11-13 16:02:29.0
184,"http://rico.biz",65,2019-11-13 16:02:29.0
185,"http://jody.biz",65,2019-11-13 16:02:29.0
186,"http://sheila.com",67,2019-11-13 16:02:29.0
187,"http://germaine.name",67,2019-11-13 16:02:29.0
188,"https://mariane.org",67,2019-11-13 16:02:29.0
189,"http://reva.com",69,2019-11-13 16:02:29.0
190,"https://llewellyn.info",70,2019-11-13 16:02:29.0
191,"http://ellen.info",72,2019-11-13 16:02:29.0
192,"https://anahi.info",72,2019-11-13 16:02:29.0
193,"https://javonte.org",72,2019-11-13 16:02:29.0
194,"http://florine.org",72,2019-11-13 16:02:29.0
195,"http://marcellus.info",72,2019-11-13 16:02:29.0
196,"http://stan.biz",73,2019-11-13 16:02:29.0
197,"http://jarred.net",77,2019-11-13 16:02:29.0
198,"http://jovanny.net",77,2019-11-13 16:02:29.0
199,"http://linnie.com",77,2019-11-13 16:02:29.0
200,"http://dino.name",77,2019-11-13 16:02:29.0
201,"https://jane.net",77,2019-11-13 16:02:29.0
202,"http://laney.name",77,2019-11-13 16:02:29.0
203,"http://trever.org",78,2019-11-13 16:02:29.0
204,"http://emilie.net",78,2019-11-13 16:02:29.0
205,"http://ted.info",78,2019-11-13 16:02:29.0
206,"http://keshawn.org",78,2019-11-13 16:02:29.0
207,"http://ole.info",78,2019-11-13 16:02:29.0
208,"https://ford.biz",79,2019-11-13 16:02:29.0
209,"https://humberto.org",82,2019-11-13 16:02:29.0
210,"http://penelope.info",82,2019-11-13 16:02:29.0
211,"https://dimitri.info",84,2019-11-13 16:02:29.0
212,"http://cynthia.info",84,2019-11-13 16:02:29.0
213,"http://princess.org",85,2019-11-13 16:02:29.0
214,"https://ruthie.info",85,2019-11-13 16:02:29.0
215,"https://evan.name",86,2019-11-13 16:02:29.0
216,"http://deontae.org",86,2019-11-13 16:02:29.0
217,"https://timmy.info",86,2019-11-13 16:02:29.0
218,"http://susie.info",86,2019-11-13 16:02:29.0
219,"http://hollis.com",86,2019-11-13 16:02:29.0
220,"https://colt.org",86,2019-11-13 16:02:29.0
221,"http://lucio.org",86,2019-11-13 16:02:29.0
222,"http://germaine.org",86,2019-11-13 16:02:29.0
223,"http://howard.net",86,2019-11-13 16:02:29.0
224,"http://helena.name",87,2019-11-13 16:02:29.0
225,"https://celestino.name",87,2019-11-13 16:02:29.0
226,"http://violet.info",87,2019-11-13 16:02:29.0
227,"http://nigel.biz",87,2019-11-13 16:02:29.0
228,"https://noble.net",88,2019-11-13 16:02:29.0
229,"https://emilia.org",88,2019-11-13 16:02:29.0
230,"http://destini.net",88,2019-11-13 16:02:29.0
231,"https://mariano.net",88,2019-11-13 16:02:29.0
232,"https://brittany.org",88,2019-11-13 16:02:29.0
233,"https://madaline.name",88,2019-11-13 16:02:29.0
234,"https://devonte.name",88,2019-11-13 16:02:29.0
235,"https://blanche.net",88,2019-11-13 16:02:29.0
236,"http://cali.net",88,2019-11-13 16:02:29.0
237,"http://mekhi.name",88,2019-11-13 16:02:29.0
238,"http://adela.com",88,2019-11-13 16:02:29.0
239,"https://devan.com",92,2019-11-13 16:02:29.0
240,"https://jarrett.name",92,2019-11-13 16:02:29.0
241,"https://sid.biz",92,2019-11-13 16:02:29.0
242,"https://jadyn.name",93,2019-11-13 16:02:29.0
243,"https://erik.com",93,2019-11-13 16:02:29.0
244,"http://freeda.biz",94,2019-11-13 16:02:29.0
245,"http://ayden.name",95,2019-11-13 16:02:29.0
246,"https://kathleen.biz",95,2019-11-13 16:02:29.0
247,"https://helmer.org",96,2019-11-13 16:02:29.0
248,"https://maggie.info",96,2019-11-13 16:02:29.0
249,"https://cecilia.net",96,2019-11-13 16:02:29.0
250,"http://ayla.org",97,2019-11-13 16:02:29.0
251,"https://elyssa.biz",97,2019-11-13 16:02:29.0
252,"http://jennie.com",98,2019-11-13 16:02:29.0
253,"http://ryleigh.info",99,2019-11-13 16:02:29.0
254,"https://darien.name",99,2019-11-13 16:02:29.0
255,"https://xzavier.org",99,2019-11-13 16:02:29.0
256,"https://kaela.name",100,2019-11-13 16:02:29.0
257,"http://dedrick.info",100,2019-11-13 16:02:29.0
